Type,Name,Request Count,Failure Count,Median Response Time,Average Response Time,Min Response Time,Max Response Time,Average Content Size,Requests/s,Failures/s,50%,66%,75%,80%,90%,95%,98%,99%,99.9%,99.99%,100%
POST,/auth/profile,100,0,2200.0,2226.4001930000086,2119.6094999977504,2362.538300003507,113.74,1.4893658023125107,0.0,2200,2300,2300,2300,2400,2400,2400,2400,2400,2400,2400
GET,/recommend/popular,60903,0,99,83.64777706024448,3.800099999352824,488.09150000306545,3983.0,907.0684545823883,0.0,99,110,120,120,130,130,140,150,180,490,490
,Aggregated,61003,0,99,87.16031319115541,3.800099999352824,2362.538300003507,3976.6572627575692,908.5578203847009,0.0,99,110,120,120,130,130,140,150,2200,2400,2400
